﻿<?xml version="1.0" encoding="utf-8"?>
<deployment>
  <id>9d805d41-d5e6-4757-bed5-32f4fdc8d889</id>
  <author>N/A</author>
  <deployer>OneDeploy</deployer>
  <authorEmail>N/A</authorEmail>
  <message>OneDeploy</message>
  <progress></progress>
  <status>Success</status>
  <statusText></statusText>
  <lastSuccessEndTime>2025-06-08T13:51:08.8564737Z</lastSuccessEndTime>
  <receivedTime>2025-06-08T13:51:06.8437457Z</receivedTime>
  <startTime>2025-06-08T13:51:08.0690555Z</startTime>
  <endTime>2025-06-08T13:51:08.8564737Z</endTime>
  <complete>True</complete>
  <is_temp>False</is_temp>
  <is_readonly>True</is_readonly>
  <buildSummary />
</deployment>