<step title="Incoming Request" date="2025-06-08T13:43:19.089" instance="8c621d" url="/api/publish?async=true&amp;deployer=GITHUB_ONE_DEPLOY&amp;type=zip&amp;message=%7B%22type%22%3A%22deployment%22%2C%22sha%22%3A%222a33c414360c5c0e65bae852f541b1676dede231%22%2C%22repoName%22%3A%22reddomlab-Bazam%2Fentra-management-terraform%22%2C%22actor%22%3A%22reddomlab-Bazam%22%2C%22slotName%22%3A%22Production%22%2C%22commitMessage%22%3A%22rls41%22%7D" method="POST" type="request" pid="768,1,26" Host="lab-uks-entra-webapp.scm.azurewebsites.net" User-Agent="GITHUBACTIONS_DeployWebAppToAzure_6e6a05ecff27dfa08f9491258ab3e508274a67e52291b304073de02970ae20c1" Authorization="Bea..." Content-Type="application/octet-stream" Cookie="ARRAffinity=8c621d9c3426a270091c85cf19fead6fce9fda0c84ca8200bece234f6fe93f61;Path=/;HttpOnly;Secure;Domain=lab-uks-entra-webapp.scm.azurewebsites.net; ARRAffinitySameSite=8c621d9c3426a270091c85cf19fead6fce9fda0c84ca8200bece234f6fe93f61;Path=/;HttpOnly;SameSite=None;Secure;Domain=lab-uks-entra-webapp.scm.azurewebsites.net" Transfer-Encoding="chunked" X-ARR-LOG-ID="ecf2e2e7-411f-4e5d-8fd0-eb3ad84b4564" CLIENT-IP="20.57.46.40:7233" X-SITE-DEPLOYMENT-ID="lab-uks-entra-webapp" WAS-DEFAULT-HOSTNAME="lab-uks-entra-webapp.scm.azurewebsites.net" X-Forwarded-Proto="https" X-AppService-Proto="https" X-Forwarded-TlsVersion="1.3" X-WAWS-Unencoded-URL="/api/publish?async=true&amp;deployer=GITHUB_ONE_DEPLOY&amp;type=zip&amp;message=%7B%22type%22%3A%22deployment%22%2C%22sha%22%3A%222a33c414360c5c0e65bae852f541b1676dede231%22%2C%22repoName%22%3A%22reddomlab-Bazam%2Fentra-management-terraform%22%2C%22actor%22%3A%22reddomlab-Bazam%22%2C%22slotName%22%3A%22Production%22%2C%22commitMessage%22%3A%22rls41%22%7D" X-Client-IP="20.57.46.40" X-Client-Port="7233" >
  <step title="Cleanup Xml Logs" date="2025-06-08T13:43:19.091" /><!-- duration: 8ms -->
  <step title="OneDeploy" date="2025-06-08T13:43:19.216" >
    <step title="None repository commit" date="2025-06-08T13:43:19.226" >
      <step title="Commit id: cc07237b-8d62-4aba-8bfb-b76604e156e8" date="2025-06-08T13:43:19.228" Message="N/A" AuthorName="N/A" AuthorEmail="N/A" /><!-- duration: 2ms -->
    </step><!-- duration: 6ms -->
    <step title="Starting PushDeployAsync" date="2025-06-08T13:43:19.234" /><!-- duration: 2ms -->
    <step title="WEBSITE_RUN_FROM_PACKAGE is set to 1. Writing zip to SitePackagesPath" date="2025-06-08T13:43:19.244" /><!-- duration: 2ms -->
    <step title="Copying zip to SitePackages /home/data/SitePackages/20250608134319.zip from request body" date="2025-06-08T13:43:19.257" /><!-- duration: 2ms -->
    <step title="Writing multipart request body to /home/data/SitePackages/20250608134319.zip" date="2025-06-08T13:43:19.268" /><!-- duration: 2ms -->
    <step title="Start deployment in the background" date="2025-06-08T13:43:20.103" >
      <step title="Acquiring Deployment Lock" date="2025-06-08T13:43:20.117" /><!-- duration: 2ms -->
      <step title="Acquired Deployment Lock" date="2025-06-08T13:43:20.157" /><!-- duration: 2ms -->
    </step><!-- duration: 131ms -->
  </step><!-- duration: 1026ms -->
  <step title="Outgoing response" date="2025-06-08T13:43:20.251" type="response" statusCode="202" statusText="Accepted" /><!-- duration: 2ms -->
</step><!-- duration: 1166ms -->
