<step title="Incoming Request" date="2025-06-08T13:43:26.162" instance="8c621d" url="/api/deployments/latest?deployer=OneDeploy&amp;time=2025-06-08_13-43-20Z" method="GET" type="request" pid="768,1,16" Host="lab-uks-entra-webapp.scm.azurewebsites.net" User-Agent="GITHUBACTIONS_DeployWebAppToAzure_6e6a05ecff27dfa08f9491258ab3e508274a67e52291b304073de02970ae20c1" Authorization="Bea..." Content-Type="application/json; charset=utf-8" Cookie="ARRAffinity=8c621d9c3426a270091c85cf19fead6fce9fda0c84ca8200bece234f6fe93f61;Path=/;HttpOnly;Secure;Domain=lab-uks-entra-webapp.scm.azurewebsites.net; ARRAffinitySameSite=8c621d9c3426a270091c85cf19fead6fce9fda0c84ca8200bece234f6fe93f61;Path=/;HttpOnly;SameSite=None;Secure;Domain=lab-uks-entra-webapp.scm.azurewebsites.net" Content-Length="0" X-ARR-LOG-ID="aa8fa934-79ef-4a5c-8917-816c054b8351" CLIENT-IP="20.57.46.40:7232" X-SITE-DEPLOYMENT-ID="lab-uks-entra-webapp" WAS-DEFAULT-HOSTNAME="lab-uks-entra-webapp.scm.azurewebsites.net" X-Forwarded-Proto="https" X-AppService-Proto="https" X-Forwarded-TlsVersion="1.3" X-WAWS-Unencoded-URL="/api/deployments/latest?deployer=OneDeploy&amp;time=2025-06-08_13-43-20Z" X-Client-IP="20.57.46.40" X-Client-Port="7232" >
  <step title="Cleanup Xml Logs" date="2025-06-08T13:43:26.164" /><!-- duration: 3ms -->
  <step title="DeploymentService.GetResult" date="2025-06-08T13:43:26.172" >
    <step title="DeploymentService.GetLatestDeployment" date="2025-06-08T13:43:26.174" >
      <step title="DeploymentManager.GetResults" date="2025-06-08T13:43:26.176" /><!-- duration: 1407ms -->
      <step title="Deployment cc07237b-8d62-4aba-8bfb-b76604e156e8 is Building" date="2025-06-08T13:43:27.585" /><!-- duration: 1ms -->
    </step><!-- duration: 1414ms -->
  </step><!-- duration: 1418ms -->
  <step title="Outgoing response" date="2025-06-08T13:43:27.594" type="response" statusCode="202" statusText="Accepted" /><!-- duration: 2ms -->
</step><!-- duration: 1434ms -->
