<step title="Incoming Request" date="2025-06-08T13:35:39.563" instance="8c621d" url="/api/publish?async=true&amp;deployer=GITHUB_ONE_DEPLOY&amp;type=zip&amp;message=%7B%22type%22%3A%22deployment%22%2C%22sha%22%3A%22dd1a3c5b91756299959b5ed5354ce28a8d565644%22%2C%22repoName%22%3A%22reddomlab-Bazam%2Fentra-management-terraform%22%2C%22actor%22%3A%22reddomlab-Bazam%22%2C%22slotName%22%3A%22Production%22%2C%22commitMessage%22%3A%22Merge%20branch%20%27main%27%20of%20https%3A%2F%2Fgithub.com%2Freddomlab-Bazam%2Fentra-management-terraform%22%7D" method="POST" type="request" pid="768,1,28" Host="lab-uks-entra-webapp.scm.azurewebsites.net" User-Agent="GITHUBACTIONS_DeployWebAppToAzure_6e6a05ecff27dfa08f9491258ab3e508274a67e52291b304073de02970ae20c1" Authorization="Bea..." Content-Type="application/octet-stream" Cookie="ARRAffinity=8c621d9c3426a270091c85cf19fead6fce9fda0c84ca8200bece234f6fe93f61;Path=/;HttpOnly;Secure;Domain=lab-uks-entra-webapp.scm.azurewebsites.net; ARRAffinitySameSite=8c621d9c3426a270091c85cf19fead6fce9fda0c84ca8200bece234f6fe93f61;Path=/;HttpOnly;SameSite=None;Secure;Domain=lab-uks-entra-webapp.scm.azurewebsites.net" Transfer-Encoding="chunked" X-ARR-LOG-ID="2cdd7ceb-ad64-406f-b20b-6c6a9e5f82d8" CLIENT-IP="20.43.245.99:44097" X-SITE-DEPLOYMENT-ID="lab-uks-entra-webapp" WAS-DEFAULT-HOSTNAME="lab-uks-entra-webapp.scm.azurewebsites.net" X-Forwarded-Proto="https" X-AppService-Proto="https" X-Forwarded-TlsVersion="1.3" X-WAWS-Unencoded-URL="/api/publish?async=true&amp;deployer=GITHUB_ONE_DEPLOY&amp;type=zip&amp;message=%7B%22type%22%3A%22deployment%22%2C%22sha%22%3A%22dd1a3c5b91756299959b5ed5354ce28a8d565644%22%2C%22repoName%22%3A%22reddomlab-Bazam%2Fentra-management-terraform%22%2C%22actor%22%3A%22reddomlab-Bazam%22%2C%22slotName%22%3A%22Production%22%2C%22commitMessage%22%3A%22Merge%20branch%20%27main%27%20of%20https%3A%2F%2Fgithub.com%2Freddomlab-Bazam%2Fentra-management-terraform%22%7D" X-Client-IP="20.43.245.99" X-Client-Port="44097" >
  <step title="Cleanup Xml Logs" date="2025-06-08T13:35:39.565" /><!-- duration: 4ms -->
  <step title="OneDeploy" date="2025-06-08T13:35:39.643" >
    <step title="None repository commit" date="2025-06-08T13:35:39.649" >
      <step title="Commit id: b4dce14b-954f-48c7-9af8-55976a92cc56" date="2025-06-08T13:35:39.650" Message="N/A" AuthorName="N/A" AuthorEmail="N/A" /><!-- duration: 2ms -->
    </step><!-- duration: 5ms -->
    <step title="Starting PushDeployAsync" date="2025-06-08T13:35:39.655" /><!-- duration: 2ms -->
    <step title="WEBSITE_RUN_FROM_PACKAGE is set to 1. Writing zip to SitePackagesPath" date="2025-06-08T13:35:39.662" /><!-- duration: 1ms -->
    <step title="Copying zip to SitePackages /home/data/SitePackages/20250608133539.zip from request body" date="2025-06-08T13:35:39.682" /><!-- duration: 1ms -->
    <step title="Writing multipart request body to /home/data/SitePackages/20250608133539.zip" date="2025-06-08T13:35:39.686" /><!-- duration: 5ms -->
    <step title="Start deployment in the background" date="2025-06-08T13:35:41.748" >
      <step title="Acquiring Deployment Lock" date="2025-06-08T13:35:41.759" /><!-- duration: 2ms -->
      <step title="Acquired Deployment Lock" date="2025-06-08T13:35:41.782" /><!-- duration: 3ms -->
    </step><!-- duration: 98ms -->
  </step><!-- duration: 2207ms -->
  <step title="Outgoing response" date="2025-06-08T13:35:41.855" type="response" statusCode="202" statusText="Accepted" /><!-- duration: 6ms -->
</step><!-- duration: 2300ms -->
