<step title="Incoming Request" date="2025-06-08T14:09:16.748" instance="8c621d" url="/api/zipdeploy?isAsync=true" method="POST" type="request" pid="768,1,23" Accept="*/*" Host="lab-uks-entra-webapp.scm.azurewebsites.net" User-Agent="AZURECLI/2.74.0 (HOMEBREW)" Accept-Encoding="gzip, deflate" Authorization="Bas..." Cache-Control="no-cache" Content-Type="application/octet-stream" Cookie="ARRAffinity=8c621d9c3426a270091c85cf19fead6fce9fda0c84ca8200bece234f6fe93f61; ARRAffinitySameSite=8c621d9c3426a270091c85cf19fead6fce9fda0c84ca8200bece234f6fe93f61" Content-Length="18456" x-ms-client-request-id="2767a53c-4472-11f0-b16c-5274f588bed6" x-ms-artifact-checksum="37c0b3e82ccd301940f8387ba14fcd1a5030f320763caa54cd1b121f199056ac" X-ARR-LOG-ID="2767a53c-4472-11f0-b16c-5274f588bed6" CLIENT-IP="84.70.131.207:49998" X-SITE-DEPLOYMENT-ID="lab-uks-entra-webapp" WAS-DEFAULT-HOSTNAME="lab-uks-entra-webapp.scm.azurewebsites.net" X-Forwarded-Proto="https" X-AppService-Proto="https" X-Forwarded-TlsVersion="1.3" X-WAWS-Unencoded-URL="/api/zipdeploy?isAsync=true" X-Client-IP="84.70.131.207" X-Client-Port="49998" >
  <step title="ZipPushDeploy" date="2025-06-08T14:09:16.756" >
    <step title="ZipDeploy. Run from package. Ignore remote build." date="2025-06-08T14:09:16.759" /><!-- duration: 2ms -->
    <step title="Starting PushDeployAsync" date="2025-06-08T14:09:16.763" /><!-- duration: 2ms -->
    <step title="WEBSITE_RUN_FROM_PACKAGE is set to 1. Writing zip to SitePackagesPath" date="2025-06-08T14:09:16.767" /><!-- duration: 2ms -->
    <step title="Copying zip to SitePackages /home/data/SitePackages/20250608140916.zip from request body" date="2025-06-08T14:09:16.772" /><!-- duration: 1ms -->
    <step title="Writing multipart request body to /home/data/SitePackages/20250608140916.zip" date="2025-06-08T14:09:16.776" /><!-- duration: 1ms -->
    <step title="Deleting outdated zip file /home/data/SitePackages/20250608133539.zip" date="2025-06-08T14:09:16.796" /><!-- duration: 6ms -->
    <step title="Start deployment in the background" date="2025-06-08T14:09:16.815" >
      <step title="Acquiring Deployment Lock" date="2025-06-08T14:09:16.821" /><!-- duration: 2ms -->
      <step title="Acquired Deployment Lock" date="2025-06-08T14:09:16.837" /><!-- duration: 2ms -->
    </step><!-- duration: 64ms -->
  </step><!-- duration: 125ms -->
  <step title="Outgoing response" date="2025-06-08T14:09:16.883" type="response" statusCode="202" statusText="Accepted" /><!-- duration: 2ms -->
</step><!-- duration: 138ms -->
