<step title="BackgroundTrace" date="2025-06-08T14:05:43.423" instance="8c621d" url="/api/publish" method="POST" >
  <step title="Creating temporary deployment - FetchDeploymentManager" date="2025-06-08T14:05:43.450" /><!-- duration: 2ms -->
  <step title="Creating temporary deployment" date="2025-06-08T14:05:43.454" /><!-- duration: 29ms -->
  <step title="Performing fetch based deployment" date="2025-06-08T14:05:43.507" >
    <step title="Deployment timer started" date="2025-06-08T14:05:46.631" >
      <step title="DeploymentManager.Deploy(id:b16e7362-63b3-4cdd-b30f-38eb80588378)" date="2025-06-08T14:05:46.635" >
        <step title="Collecting changeset information" date="2025-06-08T14:05:46.649" /><!-- duration: 62ms -->
        <step title="Updating submodules" date="2025-06-08T14:05:46.715" /><!-- duration: 1062ms -->
        <step title="Determining deployment builder" date="2025-06-08T14:05:47.913" >
          <step title="Builder is RunFromZipSiteBuilder" date="2025-06-08T14:05:47.918" /><!-- duration: 2ms -->
        </step><!-- duration: 8ms -->
        <step title="PreDeployment: context.CleanOutputPath False" date="2025-06-08T14:05:47.943" >
          <step title="PreDeployment: context.OutputPath /home/site/wwwroot" date="2025-06-08T14:05:48.033" >
            <step title="Building" date="2025-06-08T14:05:48.104" >
              <step title="Modified file to trigger a restart of the app container." date="2025-06-08T14:05:48.313" /><!-- duration: 2ms -->
              <step title="Skip function trigger and logicapp sync because function is not enabled." date="2025-06-08T14:05:48.317" /><!-- duration: 2ms -->
            </step><!-- duration: 827ms -->
          </step><!-- duration: 904ms -->
          <step title="Cleaning up temp files" date="2025-06-08T14:05:48.940" /><!-- duration: 3ms -->
          <step title="Cleaning up temp files" date="2025-06-08T14:05:48.945" /><!-- duration: 504ms -->
          <step title="Reloading status file with latest updates" date="2025-06-08T14:05:49.468" >
            <step title="WebHooksManager.PublishEventAsync: PostDeployment" date="2025-06-08T14:05:49.471" /><!-- duration: 38ms -->
          </step><!-- duration: 42ms -->
          <step title="Cleaning up temporary deployment - fetch deployment was successful" date="2025-06-08T14:05:49.513" /><!-- duration: 1ms -->
        </step><!-- duration: 1631ms -->
      </step><!-- duration: 2948ms -->
