<step title="Incoming Request" date="2025-06-08T13:51:02.485" instance="8c621d" url="/api/publish?async=true&amp;deployer=GITHUB_ONE_DEPLOY&amp;type=zip&amp;message=%7B%22type%22%3A%22deployment%22%2C%22sha%22%3A%22fa207326ed6c8448e86c1ab78fa0ec066ec73141%22%2C%22repoName%22%3A%22reddomlab-Bazam%2Fentra-management-terraform%22%2C%22actor%22%3A%22reddomlab-Bazam%22%2C%22slotName%22%3A%22Production%22%2C%22commitMessage%22%3A%22rls42%22%7D" method="POST" type="request" pid="768,1,5" Host="lab-uks-entra-webapp.scm.azurewebsites.net" User-Agent="GITHUBACTIONS_DeployWebAppToAzure_6e6a05ecff27dfa08f9491258ab3e508274a67e52291b304073de02970ae20c1" Authorization="Bea..." Content-Type="application/octet-stream" Cookie="ARRAffinity=8c621d9c3426a270091c85cf19fead6fce9fda0c84ca8200bece234f6fe93f61;Path=/;HttpOnly;Secure;Domain=lab-uks-entra-webapp.scm.azurewebsites.net; ARRAffinitySameSite=8c621d9c3426a270091c85cf19fead6fce9fda0c84ca8200bece234f6fe93f61;Path=/;HttpOnly;SameSite=None;Secure;Domain=lab-uks-entra-webapp.scm.azurewebsites.net" Transfer-Encoding="chunked" X-ARR-LOG-ID="d1bb8f95-7dd3-46bd-b010-e394f1dbeaf0" CLIENT-IP="104.45.201.74:25665" X-SITE-DEPLOYMENT-ID="lab-uks-entra-webapp" WAS-DEFAULT-HOSTNAME="lab-uks-entra-webapp.scm.azurewebsites.net" X-Forwarded-Proto="https" X-AppService-Proto="https" X-Forwarded-TlsVersion="1.3" X-WAWS-Unencoded-URL="/api/publish?async=true&amp;deployer=GITHUB_ONE_DEPLOY&amp;type=zip&amp;message=%7B%22type%22%3A%22deployment%22%2C%22sha%22%3A%22fa207326ed6c8448e86c1ab78fa0ec066ec73141%22%2C%22repoName%22%3A%22reddomlab-Bazam%2Fentra-management-terraform%22%2C%22actor%22%3A%22reddomlab-Bazam%22%2C%22slotName%22%3A%22Production%22%2C%22commitMessage%22%3A%22rls42%22%7D" X-Client-IP="104.45.201.74" X-Client-Port="25665" >
  <step title="Cleanup Xml Logs" date="2025-06-08T13:51:02.487" /><!-- duration: 3ms -->
  <step title="OneDeploy" date="2025-06-08T13:51:02.525" >
    <step title="None repository commit" date="2025-06-08T13:51:02.543" >
      <step title="Commit id: 9d805d41-d5e6-4757-bed5-32f4fdc8d889" date="2025-06-08T13:51:02.548" Message="N/A" AuthorName="N/A" AuthorEmail="N/A" /><!-- duration: 15ms -->
    </step><!-- duration: 22ms -->
    <step title="Starting PushDeployAsync" date="2025-06-08T13:51:02.567" /><!-- duration: 3ms -->
    <step title="WEBSITE_RUN_FROM_PACKAGE is set to 1. Writing zip to SitePackagesPath" date="2025-06-08T13:51:02.573" /><!-- duration: 2ms -->
    <step title="Copying zip to SitePackages /home/data/SitePackages/20250608135102.zip from request body" date="2025-06-08T13:51:02.578" /><!-- duration: 2ms -->
    <step title="Writing multipart request body to /home/data/SitePackages/20250608135102.zip" date="2025-06-08T13:51:02.583" /><!-- duration: 10ms -->
    <step title="Start deployment in the background" date="2025-06-08T13:51:03.585" >
      <step title="Acquiring Deployment Lock" date="2025-06-08T13:51:03.594" /><!-- duration: 2ms -->
      <step title="Acquired Deployment Lock" date="2025-06-08T13:51:03.614" /><!-- duration: 2ms -->
    </step><!-- duration: 70ms -->
  </step><!-- duration: 1134ms -->
  <step title="Outgoing response" date="2025-06-08T13:51:03.664" type="response" statusCode="202" statusText="Accepted" /><!-- duration: 2ms -->
</step><!-- duration: 1182ms -->
