<step title="BackgroundTrace" date="2025-06-08T13:51:03.589" instance="8c621d" url="/api/publish" method="POST" >
  <step title="Creating temporary deployment - FetchDeploymentManager" date="2025-06-08T13:51:03.617" /><!-- duration: 1ms -->
  <step title="Creating temporary deployment" date="2025-06-08T13:51:03.620" /><!-- duration: 33ms -->
  <step title="Performing fetch based deployment" date="2025-06-08T13:51:03.680" >
    <step title="Deployment timer started" date="2025-06-08T13:51:06.807" >
      <step title="DeploymentManager.Deploy(id:9d805d41-d5e6-4757-bed5-32f4fdc8d889)" date="2025-06-08T13:51:06.814" >
        <step title="Collecting changeset information" date="2025-06-08T13:51:06.828" /><!-- duration: 50ms -->
        <step title="Updating submodules" date="2025-06-08T13:51:06.881" /><!-- duration: 1077ms -->
        <step title="Determining deployment builder" date="2025-06-08T13:51:08.108" >
          <step title="Builder is RunFromZipSiteBuilder" date="2025-06-08T13:51:08.114" /><!-- duration: 2ms -->
        </step><!-- duration: 10ms -->
        <step title="PreDeployment: context.CleanOutputPath False" date="2025-06-08T13:51:08.142" >
          <step title="PreDeployment: context.OutputPath /home/site/wwwroot" date="2025-06-08T13:51:08.200" >
            <step title="Building" date="2025-06-08T13:51:08.276" >
              <step title="Modified file to trigger a restart of the app container." date="2025-06-08T13:51:08.484" /><!-- duration: 2ms -->
              <step title="Skip function trigger and logicapp sync because function is not enabled." date="2025-06-08T13:51:08.489" /><!-- duration: 2ms -->
            </step><!-- duration: 790ms -->
          </step><!-- duration: 870ms -->
          <step title="Cleaning up temp files" date="2025-06-08T13:51:09.072" /><!-- duration: 3ms -->
          <step title="Cleaning up temp files" date="2025-06-08T13:51:09.077" /><!-- duration: 503ms -->
          <step title="Reloading status file with latest updates" date="2025-06-08T13:51:09.600" >
            <step title="WebHooksManager.PublishEventAsync: PostDeployment" date="2025-06-08T13:51:09.604" /><!-- duration: 28ms -->
          </step><!-- duration: 33ms -->
          <step title="Cleaning up temporary deployment - fetch deployment was successful" date="2025-06-08T13:51:09.636" /><!-- duration: 2ms -->
        </step><!-- duration: 1548ms -->
      </step><!-- duration: 2885ms -->
