<step title="Incoming Request" date="2025-06-08T14:05:42.202" instance="8c621d" url="/api/publish?async=true&amp;deployer=GITHUB_ONE_DEPLOY&amp;type=zip&amp;message=%7B%22type%22%3A%22deployment%22%2C%22sha%22%3A%2222df18452fdd767e8258bba6905ad54c9d54770e%22%2C%22repoName%22%3A%22reddomlab-Bazam%2Fentra-management-terraform%22%2C%22actor%22%3A%22reddomlab-Bazam%22%2C%22slotName%22%3A%22Production%22%2C%22commitMessage%22%3A%22Trigger%20deployment%20with%20fixed%20GitHub%20Actions%20workflow%22%7D" method="POST" type="request" pid="768,1,26" Host="lab-uks-entra-webapp.scm.azurewebsites.net" User-Agent="GITHUBACTIONS_DeployWebAppToAzure_6e6a05ecff27dfa08f9491258ab3e508274a67e52291b304073de02970ae20c1" Authorization="Bea..." Content-Type="application/octet-stream" Cookie="ARRAffinity=8c621d9c3426a270091c85cf19fead6fce9fda0c84ca8200bece234f6fe93f61;Path=/;HttpOnly;Secure;Domain=lab-uks-entra-webapp.scm.azurewebsites.net; ARRAffinitySameSite=8c621d9c3426a270091c85cf19fead6fce9fda0c84ca8200bece234f6fe93f61;Path=/;HttpOnly;SameSite=None;Secure;Domain=lab-uks-entra-webapp.scm.azurewebsites.net" Transfer-Encoding="chunked" X-ARR-LOG-ID="77f94318-1144-4940-a009-a58a02e7052a" CLIENT-IP="68.154.30.156:37953" X-SITE-DEPLOYMENT-ID="lab-uks-entra-webapp" WAS-DEFAULT-HOSTNAME="lab-uks-entra-webapp.scm.azurewebsites.net" X-Forwarded-Proto="https" X-AppService-Proto="https" X-Forwarded-TlsVersion="1.3" X-WAWS-Unencoded-URL="/api/publish?async=true&amp;deployer=GITHUB_ONE_DEPLOY&amp;type=zip&amp;message=%7B%22type%22%3A%22deployment%22%2C%22sha%22%3A%2222df18452fdd767e8258bba6905ad54c9d54770e%22%2C%22repoName%22%3A%22reddomlab-Bazam%2Fentra-management-terraform%22%2C%22actor%22%3A%22reddomlab-Bazam%22%2C%22slotName%22%3A%22Production%22%2C%22commitMessage%22%3A%22Trigger%20deployment%20with%20fixed%20GitHub%20Actions%20workflow%22%7D" X-Client-IP="68.154.30.156" X-Client-Port="37953" >
  <step title="Cleanup Xml Logs" date="2025-06-08T14:05:42.205" /><!-- duration: 3ms -->
  <step title="OneDeploy" date="2025-06-08T14:05:42.219" >
    <step title="None repository commit" date="2025-06-08T14:05:42.225" >
      <step title="Commit id: b16e7362-63b3-4cdd-b30f-38eb80588378" date="2025-06-08T14:05:42.227" Message="N/A" AuthorName="N/A" AuthorEmail="N/A" /><!-- duration: 2ms -->
    </step><!-- duration: 5ms -->
    <step title="Starting PushDeployAsync" date="2025-06-08T14:05:42.232" /><!-- duration: 2ms -->
    <step title="WEBSITE_RUN_FROM_PACKAGE is set to 1. Writing zip to SitePackagesPath" date="2025-06-08T14:05:42.238" /><!-- duration: 2ms -->
    <step title="Copying zip to SitePackages /home/data/SitePackages/20250608140542.zip from request body" date="2025-06-08T14:05:42.243" /><!-- duration: 2ms -->
    <step title="Writing multipart request body to /home/data/SitePackages/20250608140542.zip" date="2025-06-08T14:05:42.247" /><!-- duration: 2ms -->
    <step title="Start deployment in the background" date="2025-06-08T14:05:43.419" >
      <step title="Acquiring Deployment Lock" date="2025-06-08T14:05:43.427" /><!-- duration: 2ms -->
      <step title="Acquired Deployment Lock" date="2025-06-08T14:05:43.446" /><!-- duration: 2ms -->
    </step><!-- duration: 66ms -->
  </step><!-- duration: 1269ms -->
  <step title="Outgoing response" date="2025-06-08T14:05:43.492" type="response" statusCode="202" statusText="Accepted" /><!-- duration: 1ms -->
</step><!-- duration: 1293ms -->
