<step title="Incoming Request" date="2025-06-08T14:09:20.605" instance="8c621d" url="/api/deployments/latest" method="GET" type="request" pid="768,1,27" Accept="*/*" Host="lab-uks-entra-webapp.scm.azurewebsites.net" User-Agent="AZURECLI/2.74.0 (HOMEBREW)" Accept-Encoding="gzip, deflate" Authorization="Bas..." x-ms-client-request-id="2767a53c-4472-11f0-b16c-5274f588bed6" X-ARR-LOG-ID="2767a53c-4472-11f0-b16c-5274f588bed6" CLIENT-IP="84.70.131.207:50013" X-SITE-DEPLOYMENT-ID="lab-uks-entra-webapp" WAS-DEFAULT-HOSTNAME="lab-uks-entra-webapp.scm.azurewebsites.net" X-Forwarded-Proto="https" X-AppService-Proto="https" X-Forwarded-TlsVersion="1.3" X-WAWS-Unencoded-URL="/api/deployments/latest" X-Client-IP="84.70.131.207" X-Client-Port="50013" >
  <step title="Cleanup Xml Logs" date="2025-06-08T14:09:20.607" /><!-- duration: 4ms -->
  <step title="DeploymentService.GetResult" date="2025-06-08T14:09:20.616" >
    <step title="DeploymentService.GetLatestDeployment" date="2025-06-08T14:09:20.617" >
      <step title="DeploymentManager.GetResults" date="2025-06-08T14:09:20.619" /><!-- duration: 179ms -->
      <step title="Deployment 4417c38e-1c09-4edc-94ca-083b31879478 is Pending" date="2025-06-08T14:09:20.800" /><!-- duration: 2ms -->
    </step><!-- duration: 186ms -->
  </step><!-- duration: 189ms -->
  <step title="Outgoing response" date="2025-06-08T14:09:20.807" type="response" statusCode="202" statusText="Accepted" /><!-- duration: 2ms -->
</step><!-- duration: 206ms -->
