<step title="BackgroundTrace" date="2025-06-08T13:43:20.111" instance="8c621d" url="/api/publish" method="POST" >
  <step title="Creating temporary deployment - FetchDeploymentManager" date="2025-06-08T13:43:20.160" /><!-- duration: 2ms -->
  <step title="Creating temporary deployment" date="2025-06-08T13:43:20.169" /><!-- duration: 62ms -->
  <step title="Performing fetch based deployment" date="2025-06-08T13:43:20.304" >
    <step title="Deployment timer started" date="2025-06-08T13:43:23.515" >
      <step title="DeploymentManager.Deploy(id:cc07237b-8d62-4aba-8bfb-b76604e156e8)" date="2025-06-08T13:43:23.521" >
        <step title="Collecting changeset information" date="2025-06-08T13:43:23.541" /><!-- duration: 58ms -->
        <step title="Updating submodules" date="2025-06-08T13:43:23.602" /><!-- duration: 1059ms -->
        <step title="Determining deployment builder" date="2025-06-08T13:43:24.877" >
          <step title="Builder is RunFromZipSiteBuilder" date="2025-06-08T13:43:24.885" /><!-- duration: 2ms -->
        </step><!-- duration: 11ms -->
        <step title="PreDeployment: context.CleanOutputPath False" date="2025-06-08T13:43:27.128" >
          <step title="PreDeployment: context.OutputPath /home/site/wwwroot" date="2025-06-08T13:43:27.214" >
            <step title="Building" date="2025-06-08T13:43:27.300" >
              <step title="Modified file to trigger a restart of the app container." date="2025-06-08T13:43:27.524" /><!-- duration: 13ms -->
              <step title="Skip function trigger and logicapp sync because function is not enabled." date="2025-06-08T13:43:27.541" /><!-- duration: 3ms -->
            </step><!-- duration: 1041ms -->
          </step><!-- duration: 1131ms -->
          <step title="Cleaning up temp files" date="2025-06-08T13:43:28.346" /><!-- duration: 4ms -->
          <step title="Cleaning up temp files" date="2025-06-08T13:43:28.352" /><!-- duration: 503ms -->
          <step title="Reloading status file with latest updates" date="2025-06-08T13:43:28.878" >
            <step title="WebHooksManager.PublishEventAsync: PostDeployment" date="2025-06-08T13:43:28.881" /><!-- duration: 27ms -->
          </step><!-- duration: 34ms -->
          <step title="Cleaning up temporary deployment - fetch deployment was successful" date="2025-06-08T13:43:28.915" /><!-- duration: 2ms -->
        </step><!-- duration: 1835ms -->
      </step><!-- duration: 5450ms -->
