<step title="BackgroundTrace" date="2025-06-08T14:09:16.818" instance="8c621d" url="/api/zipdeploy" method="POST" >
  <step title="Creating temporary deployment - FetchDeploymentManager" date="2025-06-08T14:09:16.841" /><!-- duration: 2ms -->
  <step title="Creating temporary deployment" date="2025-06-08T14:09:16.846" /><!-- duration: 31ms -->
  <step title="Performing fetch based deployment" date="2025-06-08T14:09:16.904" >
    <step title="Deployment timer started" date="2025-06-08T14:09:19.992" >
      <step title="DeploymentManager.Deploy(id:4417c38e-1c09-4edc-94ca-083b31879478)" date="2025-06-08T14:09:19.997" >
        <step title="Collecting changeset information" date="2025-06-08T14:09:20.012" /><!-- duration: 69ms -->
        <step title="Updating submodules" date="2025-06-08T14:09:20.085" /><!-- duration: 1068ms -->
        <step title="Determining deployment builder" date="2025-06-08T14:09:21.268" >
          <step title="Builder is RunFromZipSiteBuilder" date="2025-06-08T14:09:21.274" /><!-- duration: 2ms -->
        </step><!-- duration: 10ms -->
        <step title="PreDeployment: context.CleanOutputPath False" date="2025-06-08T14:09:21.306" >
          <step title="PreDeployment: context.OutputPath /home/site/wwwroot" date="2025-06-08T14:09:21.367" >
            <step title="Building" date="2025-06-08T14:09:21.479" >
              <step title="Triggering recycle (preview mode disabled)." date="2025-06-08T14:09:21.993" /><!-- duration: 2ms -->
              <step title="Modified file to trigger a restart of the app container." date="2025-06-08T14:09:22.009" /><!-- duration: 2ms -->
              <step title="Skip function trigger and logicapp sync because function is not enabled." date="2025-06-08T14:09:22.013" /><!-- duration: 2ms -->
            </step><!-- duration: 1207ms -->
          </step><!-- duration: 1323ms -->
          <step title="Cleaning up temp files" date="2025-06-08T14:09:22.692" /><!-- duration: 2ms -->
          <step title="Cleaning up temp files" date="2025-06-08T14:09:22.698" /><!-- duration: 503ms -->
          <step title="Reloading status file with latest updates" date="2025-06-08T14:09:23.222" >
            <step title="WebHooksManager.PublishEventAsync: PostDeployment" date="2025-06-08T14:09:23.228" /><!-- duration: 15ms -->
          </step><!-- duration: 24ms -->
          <step title="Cleaning up temporary deployment - fetch deployment was successful" date="2025-06-08T14:09:23.248" /><!-- duration: 2ms -->
        </step><!-- duration: 1997ms -->
      </step><!-- duration: 3314ms -->
