<step title="Incoming Request" date="2025-06-08T14:05:49.176" instance="8c621d" url="/api/deployments/latest?deployer=OneDeploy&amp;time=2025-06-08_14-05-43Z" method="GET" type="request" pid="768,1,27" Host="lab-uks-entra-webapp.scm.azurewebsites.net" User-Agent="GITHUBACTIONS_DeployWebAppToAzure_6e6a05ecff27dfa08f9491258ab3e508274a67e52291b304073de02970ae20c1" Authorization="Bea..." Content-Type="application/json; charset=utf-8" Cookie="ARRAffinity=8c621d9c3426a270091c85cf19fead6fce9fda0c84ca8200bece234f6fe93f61;Path=/;HttpOnly;Secure;Domain=lab-uks-entra-webapp.scm.azurewebsites.net; ARRAffinitySameSite=8c621d9c3426a270091c85cf19fead6fce9fda0c84ca8200bece234f6fe93f61;Path=/;HttpOnly;SameSite=None;Secure;Domain=lab-uks-entra-webapp.scm.azurewebsites.net" Content-Length="0" X-ARR-LOG-ID="fb2dc600-2387-43bc-a60d-348ed395b6c1" CLIENT-IP="68.154.30.156:37952" X-SITE-DEPLOYMENT-ID="lab-uks-entra-webapp" WAS-DEFAULT-HOSTNAME="lab-uks-entra-webapp.scm.azurewebsites.net" X-Forwarded-Proto="https" X-AppService-Proto="https" X-Forwarded-TlsVersion="1.3" X-WAWS-Unencoded-URL="/api/deployments/latest?deployer=OneDeploy&amp;time=2025-06-08_14-05-43Z" X-Client-IP="68.154.30.156" X-Client-Port="37952" >
  <step title="Cleanup Xml Logs" date="2025-06-08T14:05:49.178" /><!-- duration: 5ms -->
  <step title="DeploymentService.GetResult" date="2025-06-08T14:05:49.188" >
    <step title="DeploymentService.GetLatestDeployment" date="2025-06-08T14:05:49.190" >
      <step title="DeploymentManager.GetResults" date="2025-06-08T14:05:49.192" /><!-- duration: 186ms -->
      <step title="Deployment temp-2eebc9df is Pending" date="2025-06-08T14:05:49.380" /><!-- duration: 2ms -->
    </step><!-- duration: 194ms -->
  </step><!-- duration: 199ms -->
  <step title="Outgoing response" date="2025-06-08T14:05:49.390" type="response" statusCode="202" statusText="Accepted" /><!-- duration: 2ms -->
</step><!-- duration: 218ms -->
