<step title="Incoming Request" date="2025-06-08T13:59:54.802" instance="8c621d" url="/api/publish?async=true&amp;deployer=GITHUB_ONE_DEPLOY&amp;type=zip&amp;message=%7B%22type%22%3A%22deployment%22%2C%22sha%22%3A%22df9c02493a34a757ca6b71c6b2db123e617b9b99%22%2C%22repoName%22%3A%22reddomlab-Bazam%2Fentra-management-terraform%22%2C%22actor%22%3A%22reddomlab-Bazam%22%2C%22slotName%22%3A%22Production%22%2C%22commitMessage%22%3A%22cs42%22%7D" method="POST" type="request" pid="768,1,22" Host="lab-uks-entra-webapp.scm.azurewebsites.net" User-Agent="GITHUBACTIONS_DeployWebAppToAzure_6e6a05ecff27dfa08f9491258ab3e508274a67e52291b304073de02970ae20c1" Authorization="Bea..." Content-Type="application/octet-stream" Cookie="ARRAffinity=8c621d9c3426a270091c85cf19fead6fce9fda0c84ca8200bece234f6fe93f61;Path=/;HttpOnly;Secure;Domain=lab-uks-entra-webapp.scm.azurewebsites.net; ARRAffinitySameSite=8c621d9c3426a270091c85cf19fead6fce9fda0c84ca8200bece234f6fe93f61;Path=/;HttpOnly;SameSite=None;Secure;Domain=lab-uks-entra-webapp.scm.azurewebsites.net" Transfer-Encoding="chunked" X-ARR-LOG-ID="ac24a7e6-5513-4709-bcb2-981db200c07a" CLIENT-IP="20.42.14.165:35009" X-SITE-DEPLOYMENT-ID="lab-uks-entra-webapp" WAS-DEFAULT-HOSTNAME="lab-uks-entra-webapp.scm.azurewebsites.net" X-Forwarded-Proto="https" X-AppService-Proto="https" X-Forwarded-TlsVersion="1.3" X-WAWS-Unencoded-URL="/api/publish?async=true&amp;deployer=GITHUB_ONE_DEPLOY&amp;type=zip&amp;message=%7B%22type%22%3A%22deployment%22%2C%22sha%22%3A%22df9c02493a34a757ca6b71c6b2db123e617b9b99%22%2C%22repoName%22%3A%22reddomlab-Bazam%2Fentra-management-terraform%22%2C%22actor%22%3A%22reddomlab-Bazam%22%2C%22slotName%22%3A%22Production%22%2C%22commitMessage%22%3A%22cs42%22%7D" X-Client-IP="20.42.14.165" X-Client-Port="35009" >
  <step title="Cleanup Xml Logs" date="2025-06-08T13:59:54.804" /><!-- duration: 3ms -->
  <step title="OneDeploy" date="2025-06-08T13:59:54.846" >
    <step title="None repository commit" date="2025-06-08T13:59:54.852" >
      <step title="Commit id: 30bf8108-2ec1-4168-baca-9ad900c4cebc" date="2025-06-08T13:59:54.854" Message="N/A" AuthorName="N/A" AuthorEmail="N/A" /><!-- duration: 2ms -->
    </step><!-- duration: 5ms -->
    <step title="Starting PushDeployAsync" date="2025-06-08T13:59:54.859" /><!-- duration: 2ms -->
    <step title="WEBSITE_RUN_FROM_PACKAGE is set to 1. Writing zip to SitePackagesPath" date="2025-06-08T13:59:54.865" /><!-- duration: 2ms -->
    <step title="Copying zip to SitePackages /home/data/SitePackages/20250608135954.zip from request body" date="2025-06-08T13:59:54.874" /><!-- duration: 3ms -->
    <step title="Writing multipart request body to /home/data/SitePackages/20250608135954.zip" date="2025-06-08T13:59:54.878" /><!-- duration: 2ms -->
    <step title="Start deployment in the background" date="2025-06-08T13:59:55.808" >
      <step title="Acquiring Deployment Lock" date="2025-06-08T13:59:55.825" /><!-- duration: 3ms -->
      <step title="Acquired Deployment Lock" date="2025-06-08T13:59:55.870" /><!-- duration: 2ms -->
    </step><!-- duration: 102ms -->
  </step><!-- duration: 1067ms -->
  <step title="Outgoing response" date="2025-06-08T13:59:55.917" type="response" statusCode="202" statusText="Accepted" /><!-- duration: 2ms -->
</step><!-- duration: 1118ms -->
