<step title="BackgroundTrace" date="2025-06-08T13:35:41.751" instance="8c621d" url="/api/publish" method="POST" >
  <step title="Creating temporary deployment - FetchDeploymentManager" date="2025-06-08T13:35:41.787" /><!-- duration: 1ms -->
  <step title="Creating temporary deployment" date="2025-06-08T13:35:41.790" /><!-- duration: 52ms -->
  <step title="Performing fetch based deployment" date="2025-06-08T13:35:41.879" >
    <step title="Deployment timer started" date="2025-06-08T13:35:45.042" >
      <step title="DeploymentManager.Deploy(id:b4dce14b-954f-48c7-9af8-55976a92cc56)" date="2025-06-08T13:35:45.047" >
        <step title="Collecting changeset information" date="2025-06-08T13:35:45.066" /><!-- duration: 66ms -->
        <step title="Updating submodules" date="2025-06-08T13:35:45.136" /><!-- duration: 1070ms -->
        <step title="Determining deployment builder" date="2025-06-08T13:35:46.335" >
          <step title="Builder is RunFromZipSiteBuilder" date="2025-06-08T13:35:46.343" /><!-- duration: 2ms -->
        </step><!-- duration: 12ms -->
        <step title="PreDeployment: context.CleanOutputPath False" date="2025-06-08T13:35:46.369" >
          <step title="PreDeployment: context.OutputPath /home/site/wwwroot" date="2025-06-08T13:35:46.483" >
            <step title="Building" date="2025-06-08T13:35:46.564" >
              <step title="Modified file to trigger a restart of the app container." date="2025-06-08T13:35:46.801" /><!-- duration: 2ms -->
              <step title="Skip function trigger and logicapp sync because function is not enabled." date="2025-06-08T13:35:46.807" /><!-- duration: 6ms -->
            </step><!-- duration: 802ms -->
          </step><!-- duration: 890ms -->
          <step title="Cleaning up temp files" date="2025-06-08T13:35:47.375" /><!-- duration: 3ms -->
          <step title="Cleaning up temp files" date="2025-06-08T13:35:47.383" /><!-- duration: 503ms -->
          <step title="Reloading status file with latest updates" date="2025-06-08T13:35:47.907" >
            <step title="WebHooksManager.PublishEventAsync: PostDeployment" date="2025-06-08T13:35:47.911" /><!-- duration: 39ms -->
          </step><!-- duration: 45ms -->
          <step title="Cleaning up temporary deployment - fetch deployment was successful" date="2025-06-08T13:35:47.961" /><!-- duration: 2ms -->
        </step><!-- duration: 1657ms -->
      </step><!-- duration: 2988ms -->
