<step title="Incoming Request" date="2025-06-08T14:00:01.763" instance="8c621d" url="/api/deployments/latest?deployer=OneDeploy&amp;time=2025-06-08_13-59-55Z" method="GET" type="request" pid="768,1,16" Host="lab-uks-entra-webapp.scm.azurewebsites.net" User-Agent="GITHUBACTIONS_DeployWebAppToAzure_6e6a05ecff27dfa08f9491258ab3e508274a67e52291b304073de02970ae20c1" Authorization="Bea..." Content-Type="application/json; charset=utf-8" Cookie="ARRAffinity=8c621d9c3426a270091c85cf19fead6fce9fda0c84ca8200bece234f6fe93f61;Path=/;HttpOnly;Secure;Domain=lab-uks-entra-webapp.scm.azurewebsites.net; ARRAffinitySameSite=8c621d9c3426a270091c85cf19fead6fce9fda0c84ca8200bece234f6fe93f61;Path=/;HttpOnly;SameSite=None;Secure;Domain=lab-uks-entra-webapp.scm.azurewebsites.net" Content-Length="0" X-ARR-LOG-ID="881cfad8-c5bd-428b-89d9-296d870546e3" CLIENT-IP="20.42.14.165:35008" X-SITE-DEPLOYMENT-ID="lab-uks-entra-webapp" WAS-DEFAULT-HOSTNAME="lab-uks-entra-webapp.scm.azurewebsites.net" X-Forwarded-Proto="https" X-AppService-Proto="https" X-Forwarded-TlsVersion="1.3" X-WAWS-Unencoded-URL="/api/deployments/latest?deployer=OneDeploy&amp;time=2025-06-08_13-59-55Z" X-Client-IP="20.42.14.165" X-Client-Port="35008" >
  <step title="Cleanup Xml Logs" date="2025-06-08T14:00:01.765" /><!-- duration: 4ms -->
  <step title="DeploymentService.GetResult" date="2025-06-08T14:00:01.773" >
    <step title="DeploymentService.GetLatestDeployment" date="2025-06-08T14:00:01.775" >
      <step title="DeploymentManager.GetResults" date="2025-06-08T14:00:01.777" /><!-- duration: 130ms -->
      <step title="Deployment temp-d19851cf is Pending" date="2025-06-08T14:00:01.909" /><!-- duration: 2ms -->
    </step><!-- duration: 139ms -->
  </step><!-- duration: 144ms -->
  <step title="Outgoing response" date="2025-06-08T14:00:01.922" type="response" statusCode="202" statusText="Accepted" /><!-- duration: 2ms -->
</step><!-- duration: 164ms -->
