<step title="BackgroundTrace" date="2025-06-08T13:59:55.814" instance="8c621d" url="/api/publish" method="POST" >
  <step title="Creating temporary deployment - FetchDeploymentManager" date="2025-06-08T13:59:55.874" /><!-- duration: 2ms -->
  <step title="Creating temporary deployment" date="2025-06-08T13:59:55.877" /><!-- duration: 30ms -->
  <step title="Performing fetch based deployment" date="2025-06-08T13:59:55.935" >
    <step title="Deployment timer started" date="2025-06-08T13:59:59.264" >
      <step title="DeploymentManager.Deploy(id:30bf8108-2ec1-4168-baca-9ad900c4cebc)" date="2025-06-08T13:59:59.267" >
        <step title="Collecting changeset information" date="2025-06-08T13:59:59.281" /><!-- duration: 52ms -->
        <step title="Updating submodules" date="2025-06-08T13:59:59.336" /><!-- duration: 1058ms -->
        <step title="Determining deployment builder" date="2025-06-08T14:00:00.531" >
          <step title="Builder is RunFromZipSiteBuilder" date="2025-06-08T14:00:00.537" /><!-- duration: 2ms -->
        </step><!-- duration: 10ms -->
        <step title="PreDeployment: context.CleanOutputPath False" date="2025-06-08T14:00:00.564" >
          <step title="PreDeployment: context.OutputPath /home/site/wwwroot" date="2025-06-08T14:00:00.620" >
            <step title="Building" date="2025-06-08T14:00:00.687" >
              <step title="Modified file to trigger a restart of the app container." date="2025-06-08T14:00:00.905" /><!-- duration: 2ms -->
              <step title="Skip function trigger and logicapp sync because function is not enabled." date="2025-06-08T14:00:00.909" /><!-- duration: 2ms -->
            </step><!-- duration: 817ms -->
          </step><!-- duration: 888ms -->
          <step title="Cleaning up temp files" date="2025-06-08T14:00:01.510" /><!-- duration: 3ms -->
          <step title="Cleaning up temp files" date="2025-06-08T14:00:01.514" /><!-- duration: 502ms -->
          <step title="Reloading status file with latest updates" date="2025-06-08T14:00:02.046" >
            <step title="WebHooksManager.PublishEventAsync: PostDeployment" date="2025-06-08T14:00:02.056" /><!-- duration: 69ms -->
          </step><!-- duration: 81ms -->
          <step title="Cleaning up temporary deployment - fetch deployment was successful" date="2025-06-08T14:00:02.131" /><!-- duration: 2ms -->
        </step><!-- duration: 1638ms -->
      </step><!-- duration: 2961ms -->
