﻿<?xml version="1.0" encoding="utf-8"?>
<deployment>
  <id>30bf8108-2ec1-4168-baca-9ad900c4cebc</id>
  <author>N/A</author>
  <deployer>OneDeploy</deployer>
  <authorEmail>N/A</authorEmail>
  <message>OneDeploy</message>
  <progress></progress>
  <status>Success</status>
  <statusText></statusText>
  <lastSuccessEndTime>2025-06-08T14:00:01.309132Z</lastSuccessEndTime>
  <receivedTime>2025-06-08T13:59:59.3002166Z</receivedTime>
  <startTime>2025-06-08T14:00:00.487917Z</startTime>
  <endTime>2025-06-08T14:00:01.309132Z</endTime>
  <complete>True</complete>
  <is_temp>False</is_temp>
  <is_readonly>True</is_readonly>
  <buildSummary />
</deployment>