﻿<?xml version="1.0" encoding="utf-8"?>
<deployment>
  <id>b16e7362-63b3-4cdd-b30f-38eb80588378</id>
  <author>N/A</author>
  <deployer>OneDeploy</deployer>
  <authorEmail>N/A</authorEmail>
  <message>OneDeploy</message>
  <progress></progress>
  <status>Success</status>
  <statusText></statusText>
  <lastSuccessEndTime>2025-06-08T14:05:48.7014873Z</lastSuccessEndTime>
  <receivedTime>2025-06-08T14:05:46.6632025Z</receivedTime>
  <startTime>2025-06-08T14:05:47.8770703Z</startTime>
  <endTime>2025-06-08T14:05:48.7014873Z</endTime>
  <complete>True</complete>
  <is_temp>False</is_temp>
  <is_readonly>True</is_readonly>
  <buildSummary />
</deployment>