﻿<?xml version="1.0" encoding="utf-8"?>
<deployment>
  <id>4417c38e-1c09-4edc-94ca-083b31879478</id>
  <author>N/A</author>
  <deployer>Push-Deployer</deployer>
  <authorEmail>N/A</authorEmail>
  <message>Created via a push deployment</message>
  <progress></progress>
  <status>Success</status>
  <statusText></statusText>
  <lastSuccessEndTime>2025-06-08T14:09:22.3739003Z</lastSuccessEndTime>
  <receivedTime>2025-06-08T14:09:20.0272396Z</receivedTime>
  <startTime>2025-06-08T14:09:21.2338384Z</startTime>
  <endTime>2025-06-08T14:09:22.3739003Z</endTime>
  <complete>True</complete>
  <is_temp>False</is_temp>
  <is_readonly>True</is_readonly>
  <buildSummary />
</deployment>