﻿<?xml version="1.0" encoding="utf-8"?>
<deployment>
  <id>b4dce14b-954f-48c7-9af8-55976a92cc56</id>
  <author>N/A</author>
  <deployer>OneDeploy</deployer>
  <authorEmail>N/A</authorEmail>
  <message>OneDeploy</message>
  <progress></progress>
  <status>Success</status>
  <statusText></statusText>
  <lastSuccessEndTime>2025-06-08T13:35:47.1947247Z</lastSuccessEndTime>
  <receivedTime>2025-06-08T13:35:45.0933544Z</receivedTime>
  <startTime>2025-06-08T13:35:46.296084Z</startTime>
  <endTime>2025-06-08T13:35:47.1947247Z</endTime>
  <complete>True</complete>
  <is_temp>False</is_temp>
  <is_readonly>True</is_readonly>
  <buildSummary />
</deployment>