﻿<?xml version="1.0" encoding="utf-8"?>
<deployment>
  <id>cc07237b-8d62-4aba-8bfb-b76604e156e8</id>
  <author>N/A</author>
  <deployer>OneDeploy</deployer>
  <authorEmail>N/A</authorEmail>
  <message>OneDeploy</message>
  <progress></progress>
  <status>Success</status>
  <statusText></statusText>
  <lastSuccessEndTime>2025-06-08T13:43:28.1748795Z</lastSuccessEndTime>
  <receivedTime>2025-06-08T13:43:23.5549656Z</receivedTime>
  <startTime>2025-06-08T13:43:24.8383743Z</startTime>
  <endTime>2025-06-08T13:43:28.1748795Z</endTime>
  <complete>True</complete>
  <is_temp>False</is_temp>
  <is_readonly>True</is_readonly>
  <buildSummary />
</deployment>